<?xml version="1.0" encoding="UTF-8"?><rss version="2.0"
	xmlns:content="http://purl.org/rss/1.0/modules/content/"
	xmlns:wfw="http://wellformedweb.org/CommentAPI/"
	xmlns:dc="http://purl.org/dc/elements/1.1/"
	xmlns:atom="http://www.w3.org/2005/Atom"
	xmlns:sy="http://purl.org/rss/1.0/modules/syndication/"
	xmlns:slash="http://purl.org/rss/1.0/modules/slash/"
	
	xmlns:georss="http://www.georss.org/georss"
	xmlns:geo="http://www.w3.org/2003/01/geo/wgs84_pos#"
	>

<channel>
	<title>Senza categoria &#8211; Sito videogames woocommerce</title>
	<atom:link href="http://localhost/eserciziowoocommerce2/categoria-prodotto/senza-categoria/feed/?simply_static_page=204" rel="self" type="application/rss+xml" />
	<link>./../../../index.html</link>
	<description></description>
	<lastBuildDate>Tue, 21 Mar 2023 17:45:11 +0000</lastBuildDate>
	<language>it-IT</language>
	<sy:updatePeriod>
	hourly	</sy:updatePeriod>
	<sy:updateFrequency>
	1	</sy:updateFrequency>
	<generator>https://wordpress.org/?v=6.1.1</generator>
	<item>
		<title>Corsair Ironclaw RGB mouse gaming</title>
		<link>./../../../prodotto/corsair-ironclaw-rgb-mouse-gaming/index.html</link>
					<comments>./../../../prodotto/corsair-ironclaw-rgb-mouse-gaming/index.html#respond</comments>
		
		<dc:creator><![CDATA[Roberta]]></dc:creator>
		<pubDate>Tue, 21 Mar 2023 17:44:52 +0000</pubDate>
				<guid isPermaLink="false">./../../../index.html?post_type=product#038;p=96</guid>

					<description><![CDATA[Corsair Mouse gaming IRONCLAW RGB per FPS/MOBA Unisce un sensore ottico di precisione da 18.000 DPI a un corpo leggero da 105 g e una forma sagomata, scolpita appositamente per una presa palm-grip e per le mani più grandi.]]></description>
										<content:encoded><![CDATA[<p><strong>Corsair Mouse gaming IRONCLAW RGB per FPS/MOBA</strong></p>
<p>Unisce un sensore ottico di precisione da 18.000 DPI a un corpo leggero da 105 g e una forma sagomata, scolpita appositamente per una presa palm-grip e per le mani più grandi.</p>
]]></content:encoded>
					
					<wfw:commentRss>./../../../prodotto/corsair-ironclaw-rgb-mouse-gaming/feed/index.html</wfw:commentRss>
			<slash:comments>0</slash:comments>
		
		
			</item>
		<item>
		<title>Corsair Virtuoso RGB Wireless (bianco)</title>
		<link>./../../../prodotto/corsair-virtuoso-rgb-wireless-bianco/index.html</link>
					<comments>./../../../prodotto/corsair-virtuoso-rgb-wireless-bianco/index.html#respond</comments>
		
		<dc:creator><![CDATA[Roberta]]></dc:creator>
		<pubDate>Tue, 21 Mar 2023 17:27:08 +0000</pubDate>
				<guid isPermaLink="false">./../../../index.html?post_type=product#038;p=88</guid>

					<description><![CDATA[]]></description>
										<content:encoded><![CDATA[]]></content:encoded>
					
					<wfw:commentRss>./../../../prodotto/corsair-virtuoso-rgb-wireless-bianco/feed/index.html</wfw:commentRss>
			<slash:comments>0</slash:comments>
		
		
			</item>
		<item>
		<title>Corsair iCrue 5000XT</title>
		<link>./../../../prodotto/case-da-gaming/index.html</link>
					<comments>./../../../prodotto/case-da-gaming/index.html#respond</comments>
		
		<dc:creator><![CDATA[Roberta]]></dc:creator>
		<pubDate>Tue, 21 Mar 2023 09:53:16 +0000</pubDate>
				<guid isPermaLink="false">./../../../index.html?post_type=product#038;p=13</guid>

					<description><![CDATA[]]></description>
										<content:encoded><![CDATA[]]></content:encoded>
					
					<wfw:commentRss>./../../../prodotto/case-da-gaming/feed/index.html</wfw:commentRss>
			<slash:comments>0</slash:comments>
		
		
			</item>
	</channel>
</rss>
